name,address.line1,address.line2,address.city,address.state,address.zip,phone,fax,website,email,notes
Gopher Sport,2525 Lemond Street St. SW,,Owatonna,MN,55060,1-855-500-2749,1-888-319-7452,http://www.gophersport.com,jessestapp@gophersport .com,"Contact: Ms . Jesse Stapp
E-mail: jessestapp@gophersport .com"
School Specialty Inc .,140 Marble Drive,,Lancaster,PA,17601,888-388-3224,888-388-6344,http://www.schoolspecialty.com,orders@schoolspecialty .com,"Contact: Order Dept /Glenn Kennington (sales)
E-mail: orders@schoolspecialty .com"
"MFAC, LLC",1600 Division Rd,,West Warwick,RI,2893,1-800-556-7464 ext: 112,800-682-6950,http://www.performbetter.com,stevens@mfathletic.com,"Contact: Mr.Steven Strawderman 
E-mail: stevens@mfathletic.com"
Pyramid School Products,6510 North 54th Street,,Tampa,FL,33610-1908,1-800-792-2644,813-621-7688,http://www.pyramidsp.com,order@pyramidsp.com,"Contact: Sales Dept.
E-mail : order@pyramidsp .com"
"S &S Worldwide, Inc.",75 Mill St.,,Colchester,CT,6415,800-642-7354 ext: 2361,800-566-6678,http://www.ssww.com,scervini@ssww.com,"Contact: Ms. Sandy Cervini 
E-mail: scervini@ssww.com"
"BSN Sports, Passon's Sports, & US Games",P.O. Box 49,,Jenkintown,PA,19046,800-445-9446,800-523-5112,http://www.bsnsports.com,arhein@bsnsports.com ,"Contact: Mr. Adam Rhein 
E-mail: arhein@bsnsports.com"